dokument_id	land	herausgeber	dokumentart	amtlicher_titel	offizielle_url	fassungsstand	gueltig_ab	gueltig_bis	quelle_status	zugriff	abrufdatum	bemerkung
SL-GS-MA-2026	Saarland	Ministerium für Bildung und Kultur	fachplan	Kernlehrplan Mathematik Grundschule	https://www.saarland.de/SharedDocs/Downloads/DE/mbk/Lehrplaene/Lehrplaene_Grundschule/GS_Kernlehrplan_Mathematik_2025.pdf?__blob=publicationFile&v=4	2026	2026-08-01	unbekannt	volltext_geprueft	web_volltext_28_seiten	2026-10-11	Amtliche Fassung 2026; Kompetenzteile 1/2 und 3/4 samt Anhang gelesen; Kohortenuebergang und Zweitsichtung offen
TH-GS-MA-2010	Thüringen	Thüringer Ministerium für Bildung Wissenschaft und Kultur	fachplan	Lehrplan für die Grundschule und für die Förderschule mit dem Bildungsgang Grundschule Mathematik	https://www.schulportal-thueringen.de/tip/resources/medien/13959?dateiname=lp_gs_Ma_2010.pdf	2010	unbekannt	unbekannt	amtlich_gelistet	Portal_Anmeldung_erforderlich	2026-10-11	Gültigkeitsübersicht 2025/26 führt diesen Plan; Haupttext nicht vollständig gelesen
HB-SPR-2025	Bremen	Senator für Kinder und Bildung	fachplan	Sprachliche Bildung / Deutsch	https://www.lis.bremen.de/sixcms/media.php/13/2025_BP%20Sprache.pdf	2025	2025/26	unbekannt	amtlich_gelistet	PDF_abgerufen	2026-10-11	LIS-Portal und PDF-Metadaten geprüft
HB-MA-2025	Bremen	Senator für Kinder und Bildung	fachplan	Mathematische Bildung / Mathematik	https://www.lis.bremen.de/sixcms/media.php/13/2025_BP%20Mathematik.pdf	2025	2025/26	unbekannt	amtlich_gelistet	PDF_abgerufen	2026-10-11	LIS-Portal und PDF-Metadaten geprüft
HB-SACH-2025	Bremen	Senator für Kinder und Bildung	fachplan	Sachbildung / Sachunterricht	https://www.lis.bremen.de/sixcms/media.php/13/2025_BP%20Sachbildung%20und%20Sachunterricht.pdf	2025	2025/26	unbekannt	amtlich_gelistet	PDF_abgerufen	2026-10-11	LIS-Portal und PDF-Metadaten geprüft
HB-AESTH-2025	Bremen	Senator für Kinder und Bildung	fachplan	Ästhetische Bildung / Musik Kunst und Darstellendes Spiel	https://www.lis.bremen.de/sixcms/media.php/13/2025_BP%20%C3%84sthetische%20Bildung.pdf	2025	2025/26	unbekannt	amtlich_gelistet	PDF_abgerufen	2026-10-11	LIS-Portal und PDF-Metadaten geprüft
HB-SPORT-2025	Bremen	Senator für Kinder und Bildung	fachplan	Bewegung / Sport	https://www.lis.bremen.de/sixcms/media.php/13/2025_BP%20Sport.pdf	2025	2025/26	unbekannt	amtlich_gelistet	PDF_abgerufen	2026-10-11	LIS-Portal und PDF-Metadaten geprüft
HB-EN-2013	Bremen	Senator für Kinder und Bildung	fachplan	Englisch Grundschule	https://www.lis.bremen.de/sixcms/media.php/13/Primar_Englisch_2013.pdf	2013	unbekannt	unbekannt	amtlich_gelistet	PDF_abgerufen	2026-10-11	LIS-Portal und PDF-Metadaten geprüft
HB-REL-2014	Bremen	Senator für Kinder und Bildung	fachplan	Religion Jahrgangsstufe 1-13	https://www.lis.bremen.de/sixcms/media.php/13/2014_Religion.pdf	2014	unbekannt	unbekannt	amtlich_gelistet	PDF_abgerufen	2026-10-11	LIS-Portal und PDF-Metadaten geprüft
HB-HERK-2015	Bremen	Senator für Kinder und Bildung	fachplan	Herkunftssprachen Grundschule	https://www.lis.bremen.de/sixcms/media.php/13/Primar_Herkunftssprachen_2015.pdf	2015	unbekannt	unbekannt	amtlich_gelistet	PDF_abgerufen	2026-10-11	LIS-Portal und PDF-Metadaten geprüft
HB-DGS-2026	Bremen	Senator für Kinder und Bildung	fachplan	Deutsche Gebärdensprache Jahrgangsstufe 1-10	https://www.lis.bremen.de/sixcms/media.php/13/20260801_BP%20DGS_final.pdf	2026-08	2026/27	unbekannt	amtlich_gelistet	PDF_abgerufen	2026-10-11	LIS-Portal und PDF-Metadaten geprüft
HB-LEIT-UNK	Bremen	Senator für Kinder und Bildung	allgemeiner_teil	Pädagogische Leitideen zum Bildungsplan 0 bis 10	https://www.lis.bremen.de/sixcms/media.php/13/P%C3%A4dagogische%20Leitideen_BP%200-10_2025.pdf	unbekannt	unbekannt	unbekannt	amtlich_gelistet	PDF_abgerufen	2026-10-11	Portal bezeichnet Leitideen als 2018; PDF-Pfad als 2025; Fassung klären
HB-MED-2012	Bremen	Senator für Kinder und Bildung	handreichung	Medienbildung Primarstufe Sekundarstufe I und II	https://www.lis.bremen.de/sixcms/media.php/13/2012_Medienbildung.pdf	2012-06	unbekannt	unbekannt	amtlich_gelistet	PDF_abgerufen	2026-10-11	PDF bezeichnet sich als Entwurfsfassung Juni 2012; Geltung klären
HB-DAZ-2002	Bremen	Senator für Kinder und Bildung	handreichung	Deutsch als Zweitsprache Primarstufe	https://www.lis.bremen.de/sixcms/media.php/13/DAZ_P.pdf	2002	unbekannt	unbekannt	amtlich_gelistet	PDF_abgerufen	2026-10-11	LIS-Portal und PDF-Metadaten geprüft
HB-ERL-2026-03	Bremen	Senator für Kinder und Bildung	verordnung	Erlass 3/2026 Neue Bildungspläne zum 01.08.2026	https://www.lis.bremen.de/sixcms/media.php/13/2026_03.pdf	2026-06-15	2026-08-01	unbekannt	amtlich_gelistet	PDF_abgerufen	2026-10-11	Erlass betrifft vorrangig Sek I/Sek II; Grundschul-Geltung dieser Zeile prüfen
HB-SEC-E9517CE854	Bremen	unbekannt	fachplan	Darstellendes Spiel_2026	https://www.lis.bremen.de/sixcms/media.php/13/20260801_DAR%20BP%20OS_final.pdf	2026	unbekannt	unbekannt	amtlich_gelistet	PDF_Inhalt_nicht_geprueft	2026-10-11	LIS-Portal Oberschule_SekI; Geltung und Volltext noch prüfen
HB-SEC-728B335640	Bremen	unbekannt	fachplan	Deutsch_2010	https://www.lis.bremen.de/sixcms/media.php/13/OSch_Deutsch_2010.pdf	2010	unbekannt	unbekannt	amtlich_gelistet	PDF_Inhalt_nicht_geprueft	2026-10-11	LIS-Portal Oberschule_SekI; Geltung und Volltext noch prüfen
HB-SEC-6003288988	Bremen	unbekannt	fachplan	Deutsch_2026	https://www.lis.bremen.de/sixcms/media.php/13/20260730_Deutsch%20BP%20OS_final.pdf	2026	unbekannt	unbekannt	amtlich_gelistet	PDF_Inhalt_nicht_geprueft	2026-10-11	LIS-Portal Oberschule_SekI; Geltung und Volltext noch prüfen
HB-SEC-A0F69C32F8	Bremen	unbekannt	fachplan	Englisch_2010	https://www.lis.bremen.de/sixcms/media.php/13/OSch_Englisch_2010.pdf	2010	unbekannt	unbekannt	amtlich_gelistet	PDF_Inhalt_nicht_geprueft	2026-10-11	LIS-Portal Oberschule_SekI; Geltung und Volltext noch prüfen
HB-SEC-338738DBAD	Bremen	unbekannt	fachplan	Gesellschaft und Politik_2010	https://www.lis.bremen.de/sixcms/media.php/13/OSch_Gesellschaft_Politik_2010.pdf	2010	unbekannt	unbekannt	amtlich_gelistet	PDF_Inhalt_nicht_geprueft	2026-10-11	LIS-Portal Oberschule_SekI; Geltung und Volltext noch prüfen
HB-SEC-0EB04D651A	Bremen	unbekannt	fachplan	Mathematik_2010	https://www.lis.bremen.de/sixcms/media.php/13/OSch_Mathematik_2010.pdf	2010	unbekannt	unbekannt	amtlich_gelistet	PDF_Inhalt_nicht_geprueft	2026-10-11	LIS-Portal Oberschule_SekI; Geltung und Volltext noch prüfen
HB-SEC-CF2E839351	Bremen	unbekannt	fachplan	Mathematik_2026	https://www.lis.bremen.de/sixcms/media.php/13/20260801_%20Mathematik%20BP%20OS_final_Druck.pdf	2026	unbekannt	unbekannt	amtlich_gelistet	PDF_Inhalt_nicht_geprueft	2026-10-11	LIS-Portal Oberschule_SekI; Geltung und Volltext noch prüfen
HB-SEC-DAE13C69D0	Bremen	unbekannt	fachplan	Naturwissenschaften Biologie Chemie Physik_2010	https://www.lis.bremen.de/sixcms/media.php/13/OSch_Naturwiss_2010.pdf	2010	unbekannt	unbekannt	amtlich_gelistet	PDF_Inhalt_nicht_geprueft	2026-10-11	LIS-Portal Oberschule_SekI; Geltung und Volltext noch prüfen
HB-SEC-CFE2EA38CE	Bremen	unbekannt	fachplan	Naturwissenschaften Biologie Chemie Physik_2026	https://www.lis.bremen.de/sixcms/media.php/13/20260801_NaWi%20BP%20OS_final.pdf	2026	unbekannt	unbekannt	amtlich_gelistet	PDF_Inhalt_nicht_geprueft	2026-10-11	LIS-Portal Oberschule_SekI; Geltung und Volltext noch prüfen
HB-SEC-F4A378FF25	Bremen	unbekannt	fachplan	Französisch und Spanisch_2012	https://www.lis.bremen.de/sixcms/media.php/13/OSch_Franz%C3%B6sisch_Spanisch_2012.pdf	2012	unbekannt	unbekannt	amtlich_gelistet	PDF_Inhalt_nicht_geprueft	2026-10-11	LIS-Portal Oberschule_SekI; Geltung und Volltext noch prüfen
HB-SEC-B31D7B4BBB	Bremen	unbekannt	fachplan	Latein_2012	https://www.lis.bremen.de/sixcms/media.php/13/OSch_Latein_2012.pdf	2012	unbekannt	unbekannt	amtlich_gelistet	PDF_Inhalt_nicht_geprueft	2026-10-11	LIS-Portal Oberschule_SekI; Geltung und Volltext noch prüfen
HB-SEC-151AE2A27F	Bremen	unbekannt	fachplan	Polnisch_2012	https://www.lis.bremen.de/sixcms/media.php/13/OSch_Polnisch_2012.pdf	2012	unbekannt	unbekannt	amtlich_gelistet	PDF_Inhalt_nicht_geprueft	2026-10-11	LIS-Portal Oberschule_SekI; Geltung und Volltext noch prüfen
HB-SEC-DC09235FFA	Bremen	unbekannt	fachplan	Russisch_2012	https://www.lis.bremen.de/sixcms/media.php/13/OSch_Russisch_2012.pdf	2012	unbekannt	unbekannt	amtlich_gelistet	PDF_Inhalt_nicht_geprueft	2026-10-11	LIS-Portal Oberschule_SekI; Geltung und Volltext noch prüfen
HB-SEC-D8FC5D39E5	Bremen	unbekannt	fachplan	Türkisch_2012	https://www.lis.bremen.de/sixcms/media.php/13/OSch_Tuerkisch_2012.pdf	2012	unbekannt	unbekannt	amtlich_gelistet	PDF_Inhalt_nicht_geprueft	2026-10-11	LIS-Portal Oberschule_SekI; Geltung und Volltext noch prüfen
HB-SEC-479CA3137C	Bremen	unbekannt	fachplan	Kunst_2012	https://www.lis.bremen.de/sixcms/media.php/13/OSch_Kunst_2012.pdf	2012	unbekannt	unbekannt	amtlich_gelistet	PDF_Inhalt_nicht_geprueft	2026-10-11	LIS-Portal Oberschule_SekI; Geltung und Volltext noch prüfen
HB-SEC-D919FB34D7	Bremen	unbekannt	fachplan	Musik_2012	https://www.lis.bremen.de/sixcms/media.php/13/OSch_Musik_2012.pdf	2012	unbekannt	unbekannt	amtlich_gelistet	PDF_Inhalt_nicht_geprueft	2026-10-11	LIS-Portal Oberschule_SekI; Geltung und Volltext noch prüfen
HB-SEC-97442885CB	Bremen	unbekannt	fachplan	Philosophie_2017	https://www.lis.bremen.de/sixcms/media.php/13/OSch_Philosophie_2017.pdf	2017	unbekannt	unbekannt	amtlich_gelistet	PDF_Inhalt_nicht_geprueft	2026-10-11	LIS-Portal Oberschule_SekI; Geltung und Volltext noch prüfen
HB-SEC-C4D8C53FCC	Bremen	unbekannt	fachplan	Sport_2012	https://www.lis.bremen.de/sixcms/media.php/13/OSch_Sport_2012.pdf	2012	unbekannt	unbekannt	amtlich_gelistet	PDF_Inhalt_nicht_geprueft	2026-10-11	LIS-Portal Oberschule_SekI; Geltung und Volltext noch prüfen
HB-SEC-02A2AE98A3	Bremen	unbekannt	fachplan	Wirtschaft/Arbeit/Technik_2012	https://www.lis.bremen.de/sixcms/media.php/13/OSch_WAT_2012.pdf	2012	unbekannt	unbekannt	amtlich_gelistet	PDF_Inhalt_nicht_geprueft	2026-10-11	LIS-Portal Oberschule_SekI; Geltung und Volltext noch prüfen
HB-SEC-5F5AED6B83	Bremen	unbekannt	fachplan	Darstellendes Spiel_2026	https://www.lis.bremen.de/sixcms/media.php/13/20260801_DAR%20BP%20GY_final.pdf	2026	unbekannt	unbekannt	amtlich_gelistet	PDF_Inhalt_nicht_geprueft	2026-10-11	LIS-Portal Gymnasium_SekI; Geltung und Volltext noch prüfen
HB-SEC-4DCC648819	Bremen	unbekannt	fachplan	Deutsch_2007	https://www.lis.bremen.de/sixcms/media.php/13/Gy_Deutsch_2007.pdf	2007	unbekannt	unbekannt	amtlich_gelistet	PDF_Inhalt_nicht_geprueft	2026-10-11	LIS-Portal Gymnasium_SekI; Geltung und Volltext noch prüfen
HB-SEC-79B468805F	Bremen	unbekannt	fachplan	Deutsch_2026	https://www.lis.bremen.de/sixcms/media.php/13/20260730_Deutsch%20BP%20GY_final.pdf	2026	unbekannt	unbekannt	amtlich_gelistet	PDF_Inhalt_nicht_geprueft	2026-10-11	LIS-Portal Gymnasium_SekI; Geltung und Volltext noch prüfen
HB-SEC-52521111CB	Bremen	unbekannt	fachplan	Englisch_2006	https://www.lis.bremen.de/sixcms/media.php/13/Gy_Englisch_2006.pdf	2006	unbekannt	unbekannt	amtlich_gelistet	PDF_Inhalt_nicht_geprueft	2026-10-11	LIS-Portal Gymnasium_SekI; Geltung und Volltext noch prüfen
HB-SEC-595FB787B4	Bremen	unbekannt	fachplan	European Studies_2007	https://www.lis.bremen.de/sixcms/media.php/13/Gy_EuStudies_2007.pdf	2007	unbekannt	unbekannt	amtlich_gelistet	PDF_Inhalt_nicht_geprueft	2026-10-11	LIS-Portal Gymnasium_SekI; Geltung und Volltext noch prüfen
HB-SEC-B5E2125D60	Bremen	unbekannt	fachplan	Französisch / Spanisch 2. Fremdsprache_2006	https://www.lis.bremen.de/sixcms/media.php/13/Gy_Franz%C3%B6sisch_Spanisch_2._Fremdspr_2006.pdf	2006	unbekannt	unbekannt	amtlich_gelistet	PDF_Inhalt_nicht_geprueft	2026-10-11	LIS-Portal Gymnasium_SekI; Geltung und Volltext noch prüfen
HB-SEC-C1AC264B22	Bremen	unbekannt	fachplan	Französisch / Spanisch 3. Fremdsprache_2007	https://www.lis.bremen.de/sixcms/media.php/13/Gy_Franz%C3%B6sisch_Spanisch_3._Fremdspr_2007.pdf	2007	unbekannt	unbekannt	amtlich_gelistet	PDF_Inhalt_nicht_geprueft	2026-10-11	LIS-Portal Gymnasium_SekI; Geltung und Volltext noch prüfen
HB-SEC-91F6663EBB	Bremen	unbekannt	fachplan	Latein 2. Fremdsprache_2007	https://www.lis.bremen.de/sixcms/media.php/13/Gy_Latein_2._Fremdspr_2007.pdf	2007	unbekannt	unbekannt	amtlich_gelistet	PDF_Inhalt_nicht_geprueft	2026-10-11	LIS-Portal Gymnasium_SekI; Geltung und Volltext noch prüfen
HB-SEC-9BE8ECADBC	Bremen	unbekannt	fachplan	Latein 3. Fremdsprache_2007	https://www.lis.bremen.de/sixcms/media.php/13/Gy_Latein_3._Fremdspr_2007.14210.pdf	2007	unbekannt	unbekannt	amtlich_gelistet	PDF_Inhalt_nicht_geprueft	2026-10-11	LIS-Portal Gymnasium_SekI; Geltung und Volltext noch prüfen
HB-SEC-199C34B21E	Bremen	unbekannt	fachplan	Mathematik_2006	https://www.lis.bremen.de/sixcms/media.php/13/06-12-06_mathe_gy.pdf	2006	unbekannt	unbekannt	amtlich_gelistet	PDF_Inhalt_nicht_geprueft	2026-10-11	LIS-Portal Gymnasium_SekI; Geltung und Volltext noch prüfen
HB-SEC-2AD401D7C7	Bremen	unbekannt	handreichung	Mathematik 2006 Geltungseinschränkungen	https://www.lis.bremen.de/sixcms/media.php/13/Gy_Mathe_2006_inhalt_Einschr%C3%A4nkungen.pdf	2006	unbekannt	unbekannt	amtlich_gelistet	PDF_Inhalt_nicht_geprueft	2026-10-11	LIS-Portal Gymnasium_SekI; Geltung und Volltext noch prüfen
HB-SEC-6A92E9D094	Bremen	unbekannt	fachplan	Mathematik_2026	https://www.lis.bremen.de/sixcms/media.php/13/20260730_Mathematik%20BP%20GY_final_Druck.32236.pdf	2026	unbekannt	unbekannt	amtlich_gelistet	PDF_Inhalt_nicht_geprueft	2026-10-11	LIS-Portal Gymnasium_SekI; Geltung und Volltext noch prüfen
HB-SEC-323C8E3C85	Bremen	unbekannt	fachplan	Kunst_2006	https://www.lis.bremen.de/sixcms/media.php/13/Gy_Kunst_2006.pdf	2006	unbekannt	unbekannt	amtlich_gelistet	PDF_Inhalt_nicht_geprueft	2026-10-11	LIS-Portal Gymnasium_SekI; Geltung und Volltext noch prüfen
HB-SEC-88B545ED6B	Bremen	unbekannt	fachplan	Musik_2007	https://www.lis.bremen.de/sixcms/media.php/13/Gy_Musik_2007.pdf	2007	unbekannt	unbekannt	amtlich_gelistet	PDF_Inhalt_nicht_geprueft	2026-10-11	LIS-Portal Gymnasium_SekI; Geltung und Volltext noch prüfen
HB-SEC-29B731BE8B	Bremen	unbekannt	fachplan	Naturwissenschaften Biologie Chemie Physik_2006	https://www.lis.bremen.de/sixcms/media.php/13/Gy_Naturwiss_2006.pdf	2006	unbekannt	unbekannt	amtlich_gelistet	PDF_Inhalt_nicht_geprueft	2026-10-11	LIS-Portal Gymnasium_SekI; Geltung und Volltext noch prüfen
HB-SEC-6B5A809B6F	Bremen	unbekannt	handreichung	Naturwissenschaften 2006 Geltungseinschränkungen	https://www.lis.bremen.de/sixcms/media.php/13/Gy_Naturwiss_2006_inhalt_Einschr%C3%A4nkungen.32545.pdf	2006	unbekannt	unbekannt	amtlich_gelistet	PDF_Inhalt_nicht_geprueft	2026-10-11	LIS-Portal Gymnasium_SekI; Geltung und Volltext noch prüfen
HB-SEC-8B2187A34A	Bremen	unbekannt	fachplan	Naturwissenschaften Biologie Chemie Physik_2026	https://www.lis.bremen.de/sixcms/media.php/13/20260801_NaWi%20BP%20GY_final.pdf	2026	unbekannt	unbekannt	amtlich_gelistet	PDF_Inhalt_nicht_geprueft	2026-10-11	LIS-Portal Gymnasium_SekI; Geltung und Volltext noch prüfen
HB-SEC-44DFD4D742	Bremen	unbekannt	fachplan	Philosophie_2017	https://www.lis.bremen.de/sixcms/media.php/13/Gy_Philosophie_2017.pdf	2017	unbekannt	unbekannt	amtlich_gelistet	PDF_Inhalt_nicht_geprueft	2026-10-11	LIS-Portal Gymnasium_SekI; Geltung und Volltext noch prüfen
HB-SEC-1DC669CD67	Bremen	unbekannt	fachplan	Polnisch_2007	https://www.lis.bremen.de/sixcms/media.php/13/Gy_Polnisch_2007.pdf	2007	unbekannt	unbekannt	amtlich_gelistet	PDF_Inhalt_nicht_geprueft	2026-10-11	LIS-Portal Gymnasium_SekI; Geltung und Volltext noch prüfen
HB-SEC-7B9F36AB42	Bremen	unbekannt	fachplan	Russisch_2007	https://www.lis.bremen.de/sixcms/media.php/13/Gy_Russisch_2007.pdf	2007	unbekannt	unbekannt	amtlich_gelistet	PDF_Inhalt_nicht_geprueft	2026-10-11	LIS-Portal Gymnasium_SekI; Geltung und Volltext noch prüfen
HB-SEC-9ECC97B13F	Bremen	unbekannt	fachplan	Sport_2006	https://www.lis.bremen.de/sixcms/media.php/13/Gy_Sport_2006.pdf	2006	unbekannt	unbekannt	amtlich_gelistet	PDF_Inhalt_nicht_geprueft	2026-10-11	LIS-Portal Gymnasium_SekI; Geltung und Volltext noch prüfen
HB-SEC-36DE13AFE7	Bremen	unbekannt	fachplan	Türkisch_2007	https://www.lis.bremen.de/sixcms/media.php/13/Gy_Tuerkisch_2007.pdf	2007	unbekannt	unbekannt	amtlich_gelistet	PDF_Inhalt_nicht_geprueft	2026-10-11	LIS-Portal Gymnasium_SekI; Geltung und Volltext noch prüfen
HB-SEC-FD6CEF7B5C	Bremen	unbekannt	fachplan	Wirtschaft - Arbeit - Technik_2006	https://www.lis.bremen.de/sixcms/media.php/13/Gy_WAT_2006.pdf	2006	unbekannt	unbekannt	amtlich_gelistet	PDF_Inhalt_nicht_geprueft	2026-10-11	LIS-Portal Gymnasium_SekI; Geltung und Volltext noch prüfen
HB-SEC-178F9C8BF4	Bremen	unbekannt	fachplan	Welt-Umweltkunde Geschichte Geographie Politik_2006	https://www.lis.bremen.de/sixcms/media.php/13/Gy_WUK_2006.pdf	2006	unbekannt	unbekannt	amtlich_gelistet	PDF_Inhalt_nicht_geprueft	2026-10-11	LIS-Portal Gymnasium_SekI; Geltung und Volltext noch prüfen
HB-SEC-80A313129D	Bremen	unbekannt	entwurf	Informatik 2026 Entwurf Erprobungsversion	https://www.lis.bremen.de/sixcms/media.php/13/20260512_Bildungsplan%20Informatik_Entwurf_%20Erprobungsversion.pdf	2026	unbekannt	unbekannt	amtlich_gelistet	PDF_Inhalt_nicht_geprueft	2026-10-11	LIS-Portal Gymnasium_SekI; Geltung und Volltext noch prüfen
HB-SEC-E2E65C2CFE	Bremen	unbekannt	fachplan	Biologie_2022	https://www.lis.bremen.de/sixcms/media.php/13/GyO_Biologie_2022_%C3%84nderung%20Vorwort%202026.pdf	2022	unbekannt	unbekannt	amtlich_gelistet	PDF_Inhalt_nicht_geprueft	2026-10-11	LIS-Portal Gymnasium_Oberstufe; Geltung und Volltext noch prüfen
HB-SEC-EAE92968A1	Bremen	unbekannt	handreichung	Biologie bilingual_2023	https://www.lis.bremen.de/sixcms/media.php/13/GyO_Biologie_2023_Operatoren.pdf	2023	unbekannt	unbekannt	amtlich_gelistet	PDF_Inhalt_nicht_geprueft	2026-10-11	LIS-Portal Gymnasium_Oberstufe; Dateiname weist Operatoren aus; Titel und Geltung im PDF klären
HB-SEC-0F1864A3D9	Bremen	unbekannt	fachplan	Chemie_2022	https://www.lis.bremen.de/sixcms/media.php/13/GyO_Chemie_2022_%C3%84nderung%20Vorwort%202026.pdf	2022	unbekannt	unbekannt	amtlich_gelistet	PDF_Inhalt_nicht_geprueft	2026-10-11	LIS-Portal Gymnasium_Oberstufe; Geltung und Volltext noch prüfen
HB-SEC-D085732B05	Bremen	unbekannt	fachplan	Chinesisch_2000	https://www.lis.bremen.de/sixcms/media.php/13/GyO_Chinesisch_2000.pdf	2000	unbekannt	unbekannt	amtlich_gelistet	PDF_Inhalt_nicht_geprueft	2026-10-11	LIS-Portal Gymnasium_Oberstufe; Geltung und Volltext noch prüfen
HB-SEC-821586EF83	Bremen	unbekannt	fachplan	Darstellendes Spiel_2009	https://www.lis.bremen.de/sixcms/media.php/13/GyO_Darstellendes_Spiel_2009.pdf	2009	unbekannt	unbekannt	amtlich_gelistet	PDF_Inhalt_nicht_geprueft	2026-10-11	LIS-Portal Gymnasium_Oberstufe; Geltung und Volltext noch prüfen
HB-SEC-61FCA96457	Bremen	unbekannt	handreichung	Operatoren Darstellendes Spiel_2023	https://www.lis.bremen.de/sixcms/media.php/13/GyO_Darstellendes_Spiel_2023_Operatoren.pdf	2023	unbekannt	unbekannt	amtlich_gelistet	PDF_Inhalt_nicht_geprueft	2026-10-11	LIS-Portal Gymnasium_Oberstufe; Geltung und Volltext noch prüfen
HB-SEC-0093E701BE	Bremen	unbekannt	fachplan	Deutsch Q-Phase_2008	https://www.lis.bremen.de/sixcms/media.php/13/DEU_GyQ_2008.pdf	2008	unbekannt	unbekannt	amtlich_gelistet	PDF_Inhalt_nicht_geprueft	2026-10-11	LIS-Portal Gymnasium_Oberstufe; Geltung und Volltext noch prüfen
HB-SEC-3564EB751D	Bremen	unbekannt	fachplan	Deutsch E-Phase_2026	https://www.lis.bremen.de/sixcms/media.php/13/GyO_Deutsch%20E-Phase.pdf	2026	unbekannt	unbekannt	amtlich_gelistet	PDF_Inhalt_nicht_geprueft	2026-10-11	LIS-Portal Gymnasium_Oberstufe; Geltung und Volltext noch prüfen
HB-SEC-393D917F0F	Bremen	unbekannt	fachplan	Englisch E-Phase_2026	https://www.lis.bremen.de/sixcms/media.php/13/GyO_Englisch%20E-Phase_final.pdf	2026	unbekannt	unbekannt	amtlich_gelistet	PDF_Inhalt_nicht_geprueft	2026-10-11	LIS-Portal Gymnasium_Oberstufe; Geltung und Volltext noch prüfen
HB-SEC-A039BC9B1C	Bremen	unbekannt	fachplan	Französisch_2008	https://www.lis.bremen.de/sixcms/media.php/13/GyO_Franz%C3%B6sisch_2008.pdf	2008	unbekannt	unbekannt	amtlich_gelistet	PDF_Inhalt_nicht_geprueft	2026-10-11	LIS-Portal Gymnasium_Oberstufe; Geltung und Volltext noch prüfen
HB-SEC-5303FEF26B	Bremen	unbekannt	fachplan	Geographie_2008	https://www.lis.bremen.de/sixcms/media.php/13/GyO_Geografie_2008.pdf	2008	unbekannt	unbekannt	amtlich_gelistet	PDF_Inhalt_nicht_geprueft	2026-10-11	LIS-Portal Gymnasium_Oberstufe; Geltung und Volltext noch prüfen
HB-SEC-332AC0288E	Bremen	unbekannt	fachplan	Geschichte_2008	https://www.lis.bremen.de/sixcms/media.php/13/GyO_Geschichte_2008.pdf	2008	unbekannt	unbekannt	amtlich_gelistet	PDF_Inhalt_nicht_geprueft	2026-10-11	LIS-Portal Gymnasium_Oberstufe; Geltung und Volltext noch prüfen
HB-SEC-D6A91D3AA0	Bremen	unbekannt	fachplan	Geschichte bilingual_2009	https://www.lis.bremen.de/sixcms/media.php/13/GyO_Geschichte_bilingual_2009.17466.pdf	2009	unbekannt	unbekannt	amtlich_gelistet	PDF_Inhalt_nicht_geprueft	2026-10-11	LIS-Portal Gymnasium_Oberstufe; Geltung und Volltext noch prüfen
HB-SEC-A2182F5768	Bremen	unbekannt	fachplan	Informatik_2009	https://www.lis.bremen.de/sixcms/media.php/13/GyO_Informatik_2009.pdf	2009	unbekannt	unbekannt	amtlich_gelistet	PDF_Inhalt_nicht_geprueft	2026-10-11	LIS-Portal Gymnasium_Oberstufe; Geltung und Volltext noch prüfen
HB-SEC-4BC5A82DD5	Bremen	unbekannt	fachplan	Kunst_2009	https://www.lis.bremen.de/sixcms/media.php/13/GyO_Kunst_2009.pdf	2009	unbekannt	unbekannt	amtlich_gelistet	PDF_Inhalt_nicht_geprueft	2026-10-11	LIS-Portal Gymnasium_Oberstufe; Geltung und Volltext noch prüfen
HB-SEC-7A3EE46CC2	Bremen	unbekannt	fachplan	Latein_2008	https://www.lis.bremen.de/sixcms/media.php/13/GyO_Latein_2008.pdf	2008	unbekannt	unbekannt	amtlich_gelistet	PDF_Inhalt_nicht_geprueft	2026-10-11	LIS-Portal Gymnasium_Oberstufe; Geltung und Volltext noch prüfen
HB-SEC-B5CEC90EAB	Bremen	unbekannt	fachplan	Mathematik_2022	https://www.lis.bremen.de/sixcms/media.php/13/GyO_Mathematik_2022_%C3%84nderung%20Vorwort%202026.pdf	2022	unbekannt	unbekannt	amtlich_gelistet	PDF_Inhalt_nicht_geprueft	2026-10-11	LIS-Portal Gymnasium_Oberstufe; Geltung und Volltext noch prüfen
HB-SEC-848EDED8A9	Bremen	unbekannt	fachplan	Musik_2009	https://www.lis.bremen.de/sixcms/media.php/13/GyO_Musik_2009.pdf	2009	unbekannt	unbekannt	amtlich_gelistet	PDF_Inhalt_nicht_geprueft	2026-10-11	LIS-Portal Gymnasium_Oberstufe; Geltung und Volltext noch prüfen
HB-SEC-F0101C5090	Bremen	unbekannt	fachplan	Pädagogik_2009	https://www.lis.bremen.de/sixcms/media.php/13/GyO_P%C3%A4dagogik_2009.pdf	2009	unbekannt	unbekannt	amtlich_gelistet	PDF_Inhalt_nicht_geprueft	2026-10-11	LIS-Portal Gymnasium_Oberstufe; Geltung und Volltext noch prüfen
HB-SEC-65B5EB85EA	Bremen	unbekannt	fachplan	Philosophie_2009	https://www.lis.bremen.de/sixcms/media.php/13/GyO_Philosophie_2009.pdf	2009	unbekannt	unbekannt	amtlich_gelistet	PDF_Inhalt_nicht_geprueft	2026-10-11	LIS-Portal Gymnasium_Oberstufe; Geltung und Volltext noch prüfen
HB-SEC-A47CDA268F	Bremen	unbekannt	fachplan	Physik_2026	https://www.lis.bremen.de/sixcms/media.php/13/GyO_Physik_2026.pdf	2026	unbekannt	unbekannt	amtlich_gelistet	PDF_Inhalt_nicht_geprueft	2026-10-11	LIS-Portal Gymnasium_Oberstufe; Geltung und Volltext noch prüfen
HB-SEC-E1DC57803E	Bremen	unbekannt	fachplan	Politik_2008	https://www.lis.bremen.de/sixcms/media.php/13/GyO_Politik_2008.pdf	2008	unbekannt	unbekannt	amtlich_gelistet	PDF_Inhalt_nicht_geprueft	2026-10-11	LIS-Portal Gymnasium_Oberstufe; Geltung und Volltext noch prüfen
HB-SEC-8699020E09	Bremen	unbekannt	fachplan	Psychologie_2009	https://www.lis.bremen.de/sixcms/media.php/13/GyO_Psychologie_2009.pdf	2009	unbekannt	unbekannt	amtlich_gelistet	PDF_Inhalt_nicht_geprueft	2026-10-11	LIS-Portal Gymnasium_Oberstufe; Geltung und Volltext noch prüfen
HB-SEC-4E6364C53D	Bremen	unbekannt	fachplan	Russisch_2009	https://www.lis.bremen.de/sixcms/media.php/13/GyO_Russisch_2009.pdf	2009	unbekannt	unbekannt	amtlich_gelistet	PDF_Inhalt_nicht_geprueft	2026-10-11	LIS-Portal Gymnasium_Oberstufe; Geltung und Volltext noch prüfen
HB-SEC-FBE85DBF70	Bremen	unbekannt	fachplan	Spanisch_2008	https://www.lis.bremen.de/sixcms/media.php/13/GyO_Spanisch_2008.pdf	2008	unbekannt	unbekannt	amtlich_gelistet	PDF_Inhalt_nicht_geprueft	2026-10-11	LIS-Portal Gymnasium_Oberstufe; Geltung und Volltext noch prüfen
HB-SEC-D61D8D1D54	Bremen	unbekannt	fachplan	Sport_2008	https://www.lis.bremen.de/sixcms/media.php/13/GyO_Sport_2008.pdf	2008	unbekannt	unbekannt	amtlich_gelistet	PDF_Inhalt_nicht_geprueft	2026-10-11	LIS-Portal Gymnasium_Oberstufe; Geltung und Volltext noch prüfen
HB-SEC-243C5F84A1	Bremen	unbekannt	fachplan	Soziologie_2009	https://www.lis.bremen.de/sixcms/media.php/13/SOZ_GyQ_2009.pdf	2009	unbekannt	unbekannt	amtlich_gelistet	PDF_Inhalt_nicht_geprueft	2026-10-11	LIS-Portal Gymnasium_Oberstufe; Geltung und Volltext noch prüfen
HB-SEC-25617D6DBB	Bremen	unbekannt	fachplan	Wirtschaftslehre_2008	https://www.lis.bremen.de/sixcms/media.php/13/GyO_Wirtschaftslehre_2008.pdf	2008	unbekannt	unbekannt	amtlich_gelistet	PDF_Inhalt_nicht_geprueft	2026-10-11	LIS-Portal Gymnasium_Oberstufe; Geltung und Volltext noch prüfen
HB-SEC-75C0865C33	Bremen	unbekannt	fachplan	Bildungsplan fortgeführte Fremdsprachen_2015	https://www.lis.bremen.de/sixcms/media.php/13/GyO_Moderne_Fremdsprachen_2015_%C3%84nderung%20Vorwort%202026.pdf	2015	unbekannt	unbekannt	amtlich_gelistet	PDF_Inhalt_nicht_geprueft	2026-10-11	LIS-Portal Gymnasium_Oberstufe; Geltung und Volltext noch prüfen
SL-GS-KU	Saarland	Ministerium für Bildung und Kultur	fachplan	Kernlehrplan Bildende Kunst Grundschule	https://www.saarland.de/SharedDocs/Downloads/DE/mbk/Lehrplaene/Lehrplaene_Grundschule/GS_Kernlehrplan_BildendeKunst.pdf?__blob=publicationFile&v=6	noch_pruefen	unbekannt	unbekannt	amtlich_gelistet	PDF_Inhalt_nicht_geprueft	2026-10-11	Direkter PDF-Link aus amtlichem Grundschulportal; Fassung und fachlicher Inhalt noch pruefen
SL-GS-DE-ALT	Saarland	Ministerium für Bildung und Kultur	fachplan	Kernlehrplan Deutsch Grundschule	https://www.saarland.de/SharedDocs/Downloads/DE/mbk/Lehrplaene/Lehrplaene_Grundschule/GS_Kernlehrplan_Deutsch.pdf?__blob=publicationFile&v=6	noch_pruefen	auslaufend_zu_pruefen	unbekannt	amtlich_gelistet	PDF_Inhalt_nicht_geprueft	2026-10-11	Direkter PDF-Link aus amtlichem Grundschulportal; Fassung und fachlicher Inhalt noch pruefen
SL-GS-DE-2026	Saarland	Ministerium für Bildung und Kultur	fachplan	Kernlehrplan Deutsch Grundschule ab 01.08.2026	https://www.saarland.de/SharedDocs/Downloads/DE/mbk/Lehrplaene/Lehrplaene_Grundschule/GS_Kernlehrplan_Deutsch_2025.pdf?__blob=publicationFile&v=6	2026	2026-08-01	unbekannt	volltext_geprueft	web_volltext_27_seiten	2026-10-11	Fuenf Kompetenzbereiche fuer 1/2 und 3/4 samt Anhang erstgesichtet; Kohortenuebergang und Zweitsichtung offen
SL-GS-ER	Saarland	Ministerium für Bildung und Kultur	fachplan	Kernlehrplan Evangelische Religion Grundschule	https://www.saarland.de/SharedDocs/Downloads/DE/mbk/Lehrplaene/Lehrplaene_Grundschule/GS_Lehrplan_EvangelischeReligion.pdf?__blob=publicationFile&v=3	noch_pruefen	unbekannt	unbekannt	amtlich_gelistet	PDF_Inhalt_nicht_geprueft	2026-10-11	Direkter PDF-Link aus amtlichem Grundschulportal; Fassung und fachlicher Inhalt noch pruefen
SL-GS-FR	Saarland	Ministerium für Bildung und Kultur	fachplan	Kernlehrplan Französisch Grundschule	https://www.saarland.de/SharedDocs/Downloads/DE/mbk/Lehrplaene/Lehrplaene_Grundschule/GS_Kernlehrplan_Franz%C3%B6sisch.pdf?__blob=publicationFile&v=3	noch_pruefen	unbekannt	unbekannt	amtlich_gelistet	PDF_Inhalt_nicht_geprueft	2026-10-11	Direkter PDF-Link aus amtlichem Grundschulportal; Fassung und fachlicher Inhalt noch pruefen
SL-GS-HSU	Saarland	Ministerium für Bildung und Kultur	fachplan	Kernlehrplan Herkunftssprachlicher Unterricht Grundschule	https://www.saarland.de/SharedDocs/Downloads/DE/mbk/Lehrplaene/Lehrplaene_Grundschule/GS_Lehrplan_HSU.pdf?__blob=publicationFile&v=3	noch_pruefen	unbekannt	unbekannt	amtlich_gelistet	PDF_Inhalt_nicht_geprueft	2026-10-11	Direkter PDF-Link aus amtlichem Grundschulportal; Fassung und fachlicher Inhalt noch pruefen
SL-GS-IR	Saarland	Ministerium für Bildung und Kultur	fachplan	Kernlehrplan Islamischer Religionsunterricht Grundschule	https://www.saarland.de/SharedDocs/Downloads/DE/mbk/Lehrplaene/Lehrplaene_Grundschule/GS_Lehrplan_IslamischerReligionsunterricht.pdf?__blob=publicationFile&v=5	noch_pruefen	unbekannt	unbekannt	amtlich_gelistet	PDF_Inhalt_nicht_geprueft	2026-10-11	Direkter PDF-Link aus amtlichem Grundschulportal; Fassung und fachlicher Inhalt noch pruefen
SL-GS-KR	Saarland	Ministerium für Bildung und Kultur	fachplan	Kernlehrplan Katholische Religion Grundschule	https://www.saarland.de/SharedDocs/Downloads/DE/mbk/Lehrplaene/Lehrplaene_Grundschule/GS_Lehrplan_KatholischeReligion.pdf?__blob=publicationFile&v=3	noch_pruefen	unbekannt	unbekannt	amtlich_gelistet	PDF_Inhalt_nicht_geprueft	2026-10-11	Direkter PDF-Link aus amtlichem Grundschulportal; Fassung und fachlicher Inhalt noch pruefen
SL-GS-MA-ALT	Saarland	Ministerium für Bildung und Kultur	fachplan	Kernlehrplan Mathematik Grundschule	https://www.saarland.de/SharedDocs/Downloads/DE/mbk/Lehrplaene/Lehrplaene_Grundschule/GS_Kernlehrplan_Mathematik.pdf?__blob=publicationFile&v=3	noch_pruefen	auslaufend_zu_pruefen	unbekannt	amtlich_gelistet	PDF_Inhalt_nicht_geprueft	2026-10-11	Direkter PDF-Link aus amtlichem Grundschulportal; Fassung und fachlicher Inhalt noch pruefen
SL-GS-MU	Saarland	Ministerium für Bildung und Kultur	fachplan	Kernlehrplan Musik Grundschule	https://www.saarland.de/SharedDocs/Downloads/DE/mbk/Lehrplaene/Lehrplaene_Grundschule/GS_Kernlehrplan_Musik.pdf?__blob=publicationFile&v=5	noch_pruefen	unbekannt	unbekannt	amtlich_gelistet	PDF_Inhalt_nicht_geprueft	2026-10-11	Direkter PDF-Link aus amtlichem Grundschulportal; Fassung und fachlicher Inhalt noch pruefen
SL-GS-SU	Saarland	Ministerium für Bildung und Kultur	fachplan	Kernlehrplan Sachunterricht Grundschule	https://www.saarland.de/SharedDocs/Downloads/DE/mbk/Lehrplaene/Lehrplaene_Grundschule/GS_Kernlehrplan_Sachunterricht.pdf?__blob=publicationFile&v=3	noch_pruefen	unbekannt	unbekannt	amtlich_gelistet	PDF_Inhalt_nicht_geprueft	2026-10-11	Direkter PDF-Link aus amtlichem Grundschulportal; Fassung und fachlicher Inhalt noch pruefen
SL-GS-SP-ALT	Saarland	Ministerium für Bildung und Kultur	fachplan	Kernlehrplan Sport Grundschule	https://www.saarland.de/SharedDocs/Downloads/DE/mbk/Lehrplaene/Lehrplaene_Grundschule/GS_Lehrplan_Sport.pdf?__blob=publicationFile&v=3	noch_pruefen	auslaufend_zu_pruefen	unbekannt	amtlich_gelistet	PDF_Inhalt_nicht_geprueft	2026-10-11	Direkter PDF-Link aus amtlichem Grundschulportal; Fassung und fachlicher Inhalt noch pruefen
SL-GS-SP-2026	Saarland	Ministerium für Bildung und Kultur	fachplan	Kernlehrplan Sport Grundschule ab 01.08.2026	https://www.saarland.de/SharedDocs/Downloads/DE/mbk/Lehrplaene/Lehrplaene_Grundschule/GS_Kernlehrplan_Sport_2025.pdf?__blob=publicationFile&v=8	noch_pruefen	2026-08-01	unbekannt	amtlich_gelistet	PDF_Inhalt_nicht_geprueft	2026-10-11	Direkter PDF-Link aus amtlichem Grundschulportal; Fassung und fachlicher Inhalt noch pruefen
