kompetenz_id	zuordnung_id	bereich_original	kompetenztyp	endpunkt	paraphrase	fundstelle	auswertungs_status	pruefdatum
SL-GS-MA-2026-ZA12	SL-GS-MA-2026-GS1-4	Zahlen und Operationen	inhaltsbezogen	Ende 1/2	Zahlen bis 100 und Dezimalstellenwert verstehen; Grundvorstellungen aller vier Rechenarten aufbauen; einfache Sachaufgaben lösen	PDF-S. 6-8	erstsichtung	2026-10-11
SL-GS-MA-2026-ZA34	SL-GS-MA-2026-GS1-4	Zahlen und Operationen	inhaltsbezogen	Ende 3/4	Zahlen bis 1000000 und vier schriftliche Verfahren beherrschen; Ergebnisse überschlagen und prüfen; mehrschrittige Kontexte deuten	PDF-S. 13-15	erstsichtung	2026-10-11
SL-GS-MA-2026-GM12	SL-GS-MA-2026-GS1-4	Größen und Messen	inhaltsbezogen	Ende 1/2	Geld; Längen und Zeit schätzen; messen und in Alltagssituationen verwenden	PDF-S. 9	erstsichtung	2026-10-11
SL-GS-MA-2026-GM34	SL-GS-MA-2026-GS1-4	Größen und Messen	inhaltsbezogen	Ende 3/4	Größeneinheiten umrechnen; gebräuchliche Bruchteile nutzen; messen und Näherungsergebnisse auf Plausibilität prüfen	PDF-S. 16-17	erstsichtung	2026-10-11
SL-GS-MA-2026-MU12	SL-GS-MA-2026-GS1-4	Muster; Strukturen und funktionaler Zusammenhang	inhaltsbezogen	Ende 1/2	Muster und einfache Beziehungen erkennen und fortsetzen	PDF-S. 10	erstsichtung	2026-10-11
SL-GS-MA-2026-MU34	SL-GS-MA-2026-GS1-4	Muster; Strukturen und funktionaler Zusammenhang	inhaltsbezogen	Ende 3/4	Regeln darstellen; funktionale Beziehungen tabellarisch erfassen und proportionale Sachfragen lösen	PDF-S. 18	erstsichtung	2026-10-11
SL-GS-MA-2026-RF12	SL-GS-MA-2026-GS1-4	Raum und Form	inhaltsbezogen	Ende 1/2	Lage; Figuren; Körper und Achsensymmetrie erkunden	PDF-S. 11	erstsichtung	2026-10-11
SL-GS-MA-2026-RF34	SL-GS-MA-2026-GS1-4	Raum und Form	inhaltsbezogen	Ende 3/4	Pläne; Ansichten; Netze; Umfänge und Flächen erkunden; Figuren zeichnen und Abbildungen untersuchen	PDF-S. 19-20	erstsichtung	2026-10-11
SL-GS-MA-2026-DZ12	SL-GS-MA-2026-GS1-4	Daten und Zufall	inhaltsbezogen	Ende 1/2	Daten erheben und darstellen; einfache Kombinationen finden; Ereignisse als sicher; möglich oder unmöglich unterscheiden	PDF-S. 12	erstsichtung	2026-10-11
SL-GS-MA-2026-DZ34	SL-GS-MA-2026-GS1-4	Daten und Zufall	inhaltsbezogen	Ende 3/4	Diagramme interpretieren; Kombinationen systematisieren und Gewinnchancen vergleichen	PDF-S. 21	erstsichtung	2026-10-11
SL-GS-MA-2026-PROZ	SL-GS-MA-2026-GS1-4	Prozessbezogene Kompetenzen	prozessbezogen	durchgängig	Argumentieren; Kommunizieren; Problemlösen; Modellieren; Darstellen sowie Arbeiten mit Objekten und Werkzeugen mit Inhalten verbinden	PDF-S. 3-4	erstsichtung	2026-10-11
SL-GS-DE-2026-SZ12	SL-GS-DE-2026-GS1-4	Sprechen und Zuhören	fachbezogen	Ende 1/2	Gesprächsregeln anwenden; verstehend zuhören; adressatengerecht sprechen und präsentieren	PDF-S. 5-6	erstsichtung	2026-10-11
SL-GS-DE-2026-SZ34	SL-GS-DE-2026-GS1-4	Sprechen und Zuhören	fachbezogen	Ende 3/4	Komplexe Gespräche führen; Gehörtes prüfen; argumentieren und strukturiert präsentieren	PDF-S. 13-14	erstsichtung	2026-10-11
SL-GS-DE-2026-SC12	SL-GS-DE-2026-GS1-4	Schreiben	fachbezogen	Ende 1/2	Grundstrategien der Rechtschreibung nutzen; einfache Texte planen; schreiben und überarbeiten	PDF-S. 7-8	erstsichtung	2026-10-11
SL-GS-DE-2026-SC34	SL-GS-DE-2026-GS1-4	Schreiben	fachbezogen	Ende 3/4	Analoge und digitale Texte kriteriengeleitet planen; formulieren; korrigieren und überarbeiten	PDF-S. 15-16	erstsichtung	2026-10-11
SL-GS-DE-2026-LE12	SL-GS-DE-2026-GS1-4	Lesen	fachbezogen	Ende 1/2	Schrift erschließen; erste Lesestrategien nutzen und Texte bis Kompetenzstufe 3 verstehen	PDF-S. 9-10	erstsichtung	2026-10-11
SL-GS-DE-2026-LE34	SL-GS-DE-2026-GS1-4	Lesen	fachbezogen	Ende 3/4	Flüssig lesen; Lesestrategien reflektiert nutzen und Texte bis Kompetenzstufe 4 beurteilen	PDF-S. 17-18	erstsichtung	2026-10-11
SL-GS-DE-2026-ME12	SL-GS-DE-2026-GS1-4	Texte und Medien	fachbezogen	Ende 1/2	Analoge und digitale Quellen auswählen; altersgerecht recherchieren und Mediengebrauch reflektieren	PDF-S. 11	erstsichtung	2026-10-11
SL-GS-DE-2026-ME34	SL-GS-DE-2026-GS1-4	Texte und Medien	fachbezogen	Ende 3/4	Textarten unterscheiden; gezielt recherchieren und digitale Umgebungen kritisch reflektieren	PDF-S. 19	erstsichtung	2026-10-11
SL-GS-DE-2026-SP12	SL-GS-DE-2026-GS1-4	Sprache und Sprachgebrauch untersuchen	fachbezogen	Ende 1/2	Alphabet; grundlegende Wortarten und Satzarten kennen; Sprachvielfalt wahrnehmen	PDF-S. 12	erstsichtung	2026-10-11
SL-GS-DE-2026-SP34	SL-GS-DE-2026-GS1-4	Sprache und Sprachgebrauch untersuchen	fachbezogen	Ende 3/4	Wortarten; Satzglieder; Zeitformen; Fälle und Sprachproben anwenden; Sprachen vergleichen	PDF-S. 20-21	erstsichtung	2026-10-11
