weg_id	land	zielbereich	original_schulart	original_bildungsgang	abschluss	stufen	offizielle_quelle	pruefdatum	status	bemerkung
SL-GS	Saarland	Grundschule	Grundschule	Grundschule	unbekannt	1-4	https://www.saarland.de/mbk/DE/portale/bildungsserver/unterricht-und-bildungsthemen/lehrplaenehandreichungen/lehrplaeneallgemeinbildende/grundschule/grundschule.lehrplaene_node	2026-10-11	metadaten_geprueft	Primarweg aus amtlicher Lehrplanübersicht; übrige Fächer noch nicht inventarisiert
TH-GS	Thüringen	Grundschule	Grundschule	Grundschule	unbekannt	1-4	https://test.schulportal-thueringen.de/lehrplaene	2026-10-11	metadaten_geprueft	Geltungsübersicht 2025/26 nennt Mathematik Grundschule 1-4
HB-GS	Bremen	Grundschule	Grundschule	Primarstufe	unbekannt	1-4	https://www.lis.bremen.de/schulqualitaet/bildungsplaene/primarstufe-elementarbereich-21952	2026-10-11	metadaten_geprueft	Amtliche LIS-Fachliste im Browser geprüft

BW-GS	Baden-Württemberg	Grundschule	Grundschule	Grundschule	unbekannt	1-4	https://www.bildungsplaene-bw.de/30877175	2026-10-11	metadaten_geprueft	Amtlicher Index und Fächerverzeichnis geprüft; Einzelversionen und Geltung teilweise noch zuzuordnen
BW-HS	Baden-Württemberg	Haupt-/Mittelschulbildungsgang	Hauptschule/Werkrealschule	Hauptschul-/Werkrealschulbildungsgang	Hauptschulabschluss; ggf. mittlerer Abschluss an Werkrealschule	5-10	https://www.bildungsplaene-bw.de/32504784	2026-10-11	metadaten_geprueft	Gemeinsamer Bildungsplan Sek I gilt laut Inkrafttretensseite für Hauptschule und Werkrealschule; Niveau-/Abschlusszuordnung weiter zu differenzieren
BW-RS	Baden-Württemberg	Realschulbildungsgang	Realschule	Realschulbildungsgang	Mittlerer Bildungsabschluss; Hauptschulabschluss möglich	5-10	https://www.bildungsplaene-bw.de/32504784	2026-10-11	metadaten_geprueft	Gemeinsamer Bildungsplan Sek I gilt laut Inkrafttretensseite für Realschule; Niveau-/Abschlusszuordnung weiter zu differenzieren
BW-GMS-HS	Baden-Württemberg	Haupt-/Mittelschulbildungsgang	Gemeinschaftsschule	Bildungsgang auf grundlegendem Niveau	Hauptschulabschluss	5-10	https://www.bildungsplaene-bw.de/32504784	2026-10-11	metadaten_geprueft	Gemeinsamer Bildungsplan Sek I gilt für Gemeinschaftsschulen; Niveauzuordnung des jeweiligen Fachplans noch zu prüfen
BW-GMS-RS	Baden-Württemberg	Realschulbildungsgang	Gemeinschaftsschule	Bildungsgang auf mittlerem Niveau	Mittlerer Bildungsabschluss	5-10	https://www.bildungsplaene-bw.de/32504784	2026-10-11	metadaten_geprueft	Gemeinsamer Bildungsplan Sek I gilt für Gemeinschaftsschulen; Niveauzuordnung des jeweiligen Fachplans noch zu prüfen
BW-GMS	Baden-Württemberg	integrierte Sekundarstufe I	Gemeinschaftsschule	Profil-/Wahlpflichtangebot	abschlusswegabhaengig	5-10	https://www.bildungsplaene-bw.de/32179352	2026-10-11	metadaten_geprueft	Gemeinschaftsschul-Profilfach/Wahlpflicht; nicht pauschal einem Abschlussweg zugeordnet
BW-GYM-SEC1	Baden-Württemberg	Gymnasium Sekundarstufe I	Gymnasium	allgemein bildender Bildungsgang	allgemeine Hochschulreife	5-10; G9 ab SJ 2025/26 aufwachsend ab 5/6; G8-Züge weiterhin möglich	https://km.baden-wuerttemberg.de/de/schule/gymnasium/allgemeine-informationen-zum-gymnasium	2026-10-11	metadaten_geprueft	Bildungsplan Gymnasium und gemeinsame Kursstufe; Übergangszuordnung muss G8/G9 und Eintrittskohorte führen
BW-GYM-SEC2	Baden-Württemberg	Gymnasiale Oberstufe	Gymnasium	Kursstufe G8/G9; Basis-/Leistungsfächer und besondere Wahlfächer	allgemeine Hochschulreife	G8/G9 gemeinsame Kursstufe; G9-Klassen 11-13 aufwachsend	https://www.bildungsplaene-bw.de/30823695	2026-10-11	metadaten_geprueft	Index führt reguläre Fachpläne, Basis-/Leistungsfächer, Oberstufenwahlfächer und Schulversuche; genaue Kohorten-/Abiturzuordnung offen
