portal	label	pdf_url
Oberschule_SekI	Darstellendes Spiel_2026	https://www.lis.bremen.de/sixcms/media.php/13/20260801_DAR%20BP%20OS_final.pdf
Oberschule_SekI	Deutsch_2010	https://www.lis.bremen.de/sixcms/media.php/13/OSch_Deutsch_2010.pdf
Oberschule_SekI	Deutsch_2026	https://www.lis.bremen.de/sixcms/media.php/13/20260730_Deutsch%20BP%20OS_final.pdf
Oberschule_SekI	Deutsche Gebärdensprache_2026	https://www.lis.bremen.de/sixcms/media.php/13/20260801_BP%20DGS_final.pdf
Oberschule_SekI	Englisch_2010	https://www.lis.bremen.de/sixcms/media.php/13/OSch_Englisch_2010.pdf
Oberschule_SekI	Gesellschaft und Politik_2010	https://www.lis.bremen.de/sixcms/media.php/13/OSch_Gesellschaft_Politik_2010.pdf
Oberschule_SekI	Mathematik_2010	https://www.lis.bremen.de/sixcms/media.php/13/OSch_Mathematik_2010.pdf
Oberschule_SekI	Mathematik_2026	https://www.lis.bremen.de/sixcms/media.php/13/20260801_%20Mathematik%20BP%20OS_final_Druck.pdf
Oberschule_SekI	Medienbildung_2012	https://www.lis.bremen.de/sixcms/media.php/13/2012_Medienbildung.pdf
Oberschule_SekI	Naturwissenschaften Biologie Chemie Physik_2010	https://www.lis.bremen.de/sixcms/media.php/13/OSch_Naturwiss_2010.pdf
Oberschule_SekI	Naturwissenschaften Biologie Chemie Physik_2026	https://www.lis.bremen.de/sixcms/media.php/13/20260801_NaWi%20BP%20OS_final.pdf
Oberschule_SekI	Französisch und Spanisch_2012	https://www.lis.bremen.de/sixcms/media.php/13/OSch_Franz%C3%B6sisch_Spanisch_2012.pdf
Oberschule_SekI	Latein_2012	https://www.lis.bremen.de/sixcms/media.php/13/OSch_Latein_2012.pdf
Oberschule_SekI	Polnisch_2012	https://www.lis.bremen.de/sixcms/media.php/13/OSch_Polnisch_2012.pdf
Oberschule_SekI	Russisch_2012	https://www.lis.bremen.de/sixcms/media.php/13/OSch_Russisch_2012.pdf
Oberschule_SekI	Türkisch_2012	https://www.lis.bremen.de/sixcms/media.php/13/OSch_Tuerkisch_2012.pdf
Oberschule_SekI	Kunst_2012	https://www.lis.bremen.de/sixcms/media.php/13/OSch_Kunst_2012.pdf
Oberschule_SekI	Musik_2012	https://www.lis.bremen.de/sixcms/media.php/13/OSch_Musik_2012.pdf
Oberschule_SekI	Philosophie_2017	https://www.lis.bremen.de/sixcms/media.php/13/OSch_Philosophie_2017.pdf
Oberschule_SekI	Religion_2014	https://www.lis.bremen.de/sixcms/media.php/13/2014_Religion.pdf
Oberschule_SekI	Sport_2012	https://www.lis.bremen.de/sixcms/media.php/13/OSch_Sport_2012.pdf
Oberschule_SekI	Wirtschaft/Arbeit/Technik_2012	https://www.lis.bremen.de/sixcms/media.php/13/OSch_WAT_2012.pdf
Gymnasium_SekI	Darstellendes Spiel_2026	https://www.lis.bremen.de/sixcms/media.php/13/20260801_DAR%20BP%20GY_final.pdf
Gymnasium_SekI	Deutsch_2007	https://www.lis.bremen.de/sixcms/media.php/13/Gy_Deutsch_2007.pdf
Gymnasium_SekI	Deutsch_2026	https://www.lis.bremen.de/sixcms/media.php/13/20260730_Deutsch%20BP%20GY_final.pdf
Gymnasium_SekI	Deutsche Gebärdensprache_2026	https://www.lis.bremen.de/sixcms/media.php/13/20260801_BP%20DGS_final.pdf
Gymnasium_SekI	Englisch_2006	https://www.lis.bremen.de/sixcms/media.php/13/Gy_Englisch_2006.pdf
Gymnasium_SekI	European Studies_2007	https://www.lis.bremen.de/sixcms/media.php/13/Gy_EuStudies_2007.pdf
Gymnasium_SekI	Französisch / Spanisch 2. Fremdsprache_2006	https://www.lis.bremen.de/sixcms/media.php/13/Gy_Franz%C3%B6sisch_Spanisch_2._Fremdspr_2006.pdf
Gymnasium_SekI	Französisch / Spanisch 3. Fremdsprache_2007	https://www.lis.bremen.de/sixcms/media.php/13/Gy_Franz%C3%B6sisch_Spanisch_3._Fremdspr_2007.pdf
Gymnasium_SekI	Latein 2. Fremdsprache_2007	https://www.lis.bremen.de/sixcms/media.php/13/Gy_Latein_2._Fremdspr_2007.pdf
Gymnasium_SekI	Latein 3. Fremdsprache_2007	https://www.lis.bremen.de/sixcms/media.php/13/Gy_Latein_3._Fremdspr_2007.14210.pdf
Gymnasium_SekI	Mathematik_2006	https://www.lis.bremen.de/sixcms/media.php/13/06-12-06_mathe_gy.pdf
Gymnasium_SekI	Mathematik 2006 Geltungseinschränkungen	https://www.lis.bremen.de/sixcms/media.php/13/Gy_Mathe_2006_inhalt_Einschr%C3%A4nkungen.pdf
Gymnasium_SekI	Mathematik_2026	https://www.lis.bremen.de/sixcms/media.php/13/20260730_Mathematik%20BP%20GY_final_Druck.32236.pdf
Gymnasium_SekI	Medienbildung_2012	https://www.lis.bremen.de/sixcms/media.php/13/2012_Medienbildung.pdf
Gymnasium_SekI	Kunst_2006	https://www.lis.bremen.de/sixcms/media.php/13/Gy_Kunst_2006.pdf
Gymnasium_SekI	Musik_2007	https://www.lis.bremen.de/sixcms/media.php/13/Gy_Musik_2007.pdf
Gymnasium_SekI	Naturwissenschaften Biologie Chemie Physik_2006	https://www.lis.bremen.de/sixcms/media.php/13/Gy_Naturwiss_2006.pdf
Gymnasium_SekI	Naturwissenschaften 2006 Geltungseinschränkungen	https://www.lis.bremen.de/sixcms/media.php/13/Gy_Naturwiss_2006_inhalt_Einschr%C3%A4nkungen.32545.pdf
Gymnasium_SekI	Naturwissenschaften Biologie Chemie Physik_2026	https://www.lis.bremen.de/sixcms/media.php/13/20260801_NaWi%20BP%20GY_final.pdf
Gymnasium_SekI	Philosophie_2017	https://www.lis.bremen.de/sixcms/media.php/13/Gy_Philosophie_2017.pdf
Gymnasium_SekI	Polnisch_2007	https://www.lis.bremen.de/sixcms/media.php/13/Gy_Polnisch_2007.pdf
Gymnasium_SekI	Religion_2014	https://www.lis.bremen.de/sixcms/media.php/13/2014_Religion.pdf
Gymnasium_SekI	Russisch_2007	https://www.lis.bremen.de/sixcms/media.php/13/Gy_Russisch_2007.pdf
Gymnasium_SekI	Sport_2006	https://www.lis.bremen.de/sixcms/media.php/13/Gy_Sport_2006.pdf
Gymnasium_SekI	Türkisch_2007	https://www.lis.bremen.de/sixcms/media.php/13/Gy_Tuerkisch_2007.pdf
Gymnasium_SekI	Wirtschaft - Arbeit - Technik_2006	https://www.lis.bremen.de/sixcms/media.php/13/Gy_WAT_2006.pdf
Gymnasium_SekI	Welt-Umweltkunde Geschichte Geographie Politik_2006	https://www.lis.bremen.de/sixcms/media.php/13/Gy_WUK_2006.pdf
Gymnasium_SekI	Informatik 2026 Entwurf Erprobungsversion	https://www.lis.bremen.de/sixcms/media.php/13/20260512_Bildungsplan%20Informatik_Entwurf_%20Erprobungsversion.pdf
Gymnasium_Oberstufe	Biologie_2022	https://www.lis.bremen.de/sixcms/media.php/13/GyO_Biologie_2022_%C3%84nderung%20Vorwort%202026.pdf
Gymnasium_Oberstufe	Biologie bilingual_2023	https://www.lis.bremen.de/sixcms/media.php/13/GyO_Biologie_2023_Operatoren.pdf
Gymnasium_Oberstufe	Chemie_2022	https://www.lis.bremen.de/sixcms/media.php/13/GyO_Chemie_2022_%C3%84nderung%20Vorwort%202026.pdf
Gymnasium_Oberstufe	Chinesisch_2000	https://www.lis.bremen.de/sixcms/media.php/13/GyO_Chinesisch_2000.pdf
Gymnasium_Oberstufe	Darstellendes Spiel_2009	https://www.lis.bremen.de/sixcms/media.php/13/GyO_Darstellendes_Spiel_2009.pdf
Gymnasium_Oberstufe	Operatoren Darstellendes Spiel_2023	https://www.lis.bremen.de/sixcms/media.php/13/GyO_Darstellendes_Spiel_2023_Operatoren.pdf
Gymnasium_Oberstufe	Deutsch Q-Phase_2008	https://www.lis.bremen.de/sixcms/media.php/13/DEU_GyQ_2008.pdf
Gymnasium_Oberstufe	Deutsch E-Phase_2026	https://www.lis.bremen.de/sixcms/media.php/13/GyO_Deutsch%20E-Phase.pdf
Gymnasium_Oberstufe	Englisch E-Phase_2026	https://www.lis.bremen.de/sixcms/media.php/13/GyO_Englisch%20E-Phase_final.pdf
Gymnasium_Oberstufe	Französisch_2008	https://www.lis.bremen.de/sixcms/media.php/13/GyO_Franz%C3%B6sisch_2008.pdf
Gymnasium_Oberstufe	Geographie_2008	https://www.lis.bremen.de/sixcms/media.php/13/GyO_Geografie_2008.pdf
Gymnasium_Oberstufe	Geschichte_2008	https://www.lis.bremen.de/sixcms/media.php/13/GyO_Geschichte_2008.pdf
Gymnasium_Oberstufe	Geschichte bilingual_2009	https://www.lis.bremen.de/sixcms/media.php/13/GyO_Geschichte_bilingual_2009.17466.pdf
Gymnasium_Oberstufe	Informatik_2009	https://www.lis.bremen.de/sixcms/media.php/13/GyO_Informatik_2009.pdf
Gymnasium_Oberstufe	Kunst_2009	https://www.lis.bremen.de/sixcms/media.php/13/GyO_Kunst_2009.pdf
Gymnasium_Oberstufe	Latein_2008	https://www.lis.bremen.de/sixcms/media.php/13/GyO_Latein_2008.pdf
Gymnasium_Oberstufe	Mathematik_2022	https://www.lis.bremen.de/sixcms/media.php/13/GyO_Mathematik_2022_%C3%84nderung%20Vorwort%202026.pdf
Gymnasium_Oberstufe	Medienbildung_2012	https://www.lis.bremen.de/sixcms/media.php/13/2012_Medienbildung.pdf
Gymnasium_Oberstufe	Musik_2009	https://www.lis.bremen.de/sixcms/media.php/13/GyO_Musik_2009.pdf
Gymnasium_Oberstufe	Pädagogik_2009	https://www.lis.bremen.de/sixcms/media.php/13/GyO_P%C3%A4dagogik_2009.pdf
Gymnasium_Oberstufe	Philosophie_2009	https://www.lis.bremen.de/sixcms/media.php/13/GyO_Philosophie_2009.pdf
Gymnasium_Oberstufe	Physik_2026	https://www.lis.bremen.de/sixcms/media.php/13/GyO_Physik_2026.pdf
Gymnasium_Oberstufe	Politik_2008	https://www.lis.bremen.de/sixcms/media.php/13/GyO_Politik_2008.pdf
Gymnasium_Oberstufe	Psychologie_2009	https://www.lis.bremen.de/sixcms/media.php/13/GyO_Psychologie_2009.pdf
Gymnasium_Oberstufe	Religion_2014	https://www.lis.bremen.de/sixcms/media.php/13/2014_Religion.pdf
Gymnasium_Oberstufe	Russisch_2009	https://www.lis.bremen.de/sixcms/media.php/13/GyO_Russisch_2009.pdf
Gymnasium_Oberstufe	Spanisch_2008	https://www.lis.bremen.de/sixcms/media.php/13/GyO_Spanisch_2008.pdf
Gymnasium_Oberstufe	Sport_2008	https://www.lis.bremen.de/sixcms/media.php/13/GyO_Sport_2008.pdf
Gymnasium_Oberstufe	Soziologie_2009	https://www.lis.bremen.de/sixcms/media.php/13/SOZ_GyQ_2009.pdf
Gymnasium_Oberstufe	Wirtschaftslehre_2008	https://www.lis.bremen.de/sixcms/media.php/13/GyO_Wirtschaftslehre_2008.pdf
Gymnasium_Oberstufe	Bildungsplan fortgeführte Fremdsprachen_2015	https://www.lis.bremen.de/sixcms/media.php/13/GyO_Moderne_Fremdsprachen_2015_%C3%84nderung%20Vorwort%202026.pdf
